{"is_source_file": true, "format": "Python", "description": "This file sets up a basic REST API server using FastAPI, configuring CORS middleware and defining a health check endpoint.", "external_files": ["fastapi", "fastapi.middleware.cors"], "external_methods": ["FastAPI", "CORSMiddleware"], "published": ["app"], "classes": [], "methods": [{"name": "health_check()", "description": "Handles GET requests to the root URL, returning a simple health status message.", "scope": "", "scopeKind": ""}], "calls": ["fastapi.FastAPI", "fastapi.middleware.cors.CORSMiddleware", "app.add_middleware", "app.get"], "search-terms": ["FastAPI initialization", "CORS setup", "health check endpoint", "main.py API"], "state": 2, "file_id": 3, "knowledge_revision": 9, "git_revision": "4aec989c21a536fe2fcf749dd3ef94f23e722eaa", "ctags": [{"_type": "tag", "name": "app", "path": "/home/kavia/workspace/code-generation/simple-notes-app-203941-203958/notes_backend/src/api/main.py", "pattern": "/^app = FastAPI()$/", "language": "Python", "kind": "variable"}, {"_type": "tag", "name": "health_check", "path": "/home/kavia/workspace/code-generation/simple-notes-app-203941-203958/notes_backend/src/api/main.py", "pattern": "/^def health_check():$/", "language": "Python", "kind": "function", "signature": "()"}], "hash": "58352bf5f133908bab16643199aa483d", "format-version": 4, "code-base-name": "notes_backend", "filename": "notes_backend/src/api/main.py", "fields": [{"name": "app = FastAPI()", "scope": "", "scopeKind": "", "description": "unavailable"}], "revision_history": [{"9": "4aec989c21a536fe2fcf749dd3ef94f23e722eaa"}]}